Category,Task,Status,Priority,Notes
Backend Cleanup,Remove test files and debug endpoints,✅ DONE,HIGH,Verified no test*.php or debug*.php files exist
Backend Cleanup,Clean sample data,⏳ PENDING,MEDIUM,Need to verify if sample data should be removed
Backend Cleanup,Remove development logs,⏳ PENDING,MEDIUM,Check logs directory

Mobile App,Remove ngrok URLs,✅ DONE,HIGH,Changed to localhost for development
Mobile App,Update API configuration,✅ DONE,HIGH,Placeholder ready for production URL
Mobile App,Build production APK,❌ TODO,HIGH,Needs hosting URL first
Mobile App,Test all features with production build,❌ TODO,HIGH,Blocked by hosting

Server Setup,Purchase hosting/server,❌ TODO,CRITICAL,Blocking item for deployment
Server Setup,Configure domain/SSL,❌ TODO,HIGH,Depends on hosting
Server Setup,Setup PHP 8.0+,❌ TODO,HIGH,Required for system
Server Setup,Setup MySQL 5.7+,❌ TODO,HIGH,Required for database

Database,Export clean database,⏳ PENDING,HIGH,Need to create fresh export
Database,Remove test data,⏳ PENDING,MEDIUM,Verify what data to keep
Database,Optimize indexes,⏳ PENDING,MEDIUM,Review query performance
Database,Create backup strategy,❌ TODO,HIGH,Plan needed

Security,Generate production JWT secret,❌ TODO,CRITICAL,Required for authentication
Security,Configure CORS for production,❌ TODO,HIGH,Update after domain setup
Security,Set secure file permissions,❌ TODO,HIGH,For production server
Security,Enable error logging,⏳ PENDING,HIGH,Configure for production

Environment,Create production .env,❌ TODO,CRITICAL,Template ready needs values
Environment,Configure upload limits,❌ TODO,HIGH,Set appropriate limits
Environment,Setup maintenance mode,❌ TODO,MEDIUM,For future updates
Environment,Configure backup paths,❌ TODO,HIGH,Production paths needed

Documentation,Update API documentation,⏳ PENDING,MEDIUM,Review current docs
Documentation,Create deployment guide,✅ DONE,HIGH,Available in PRODUCTION_READY_STEPS.md
Documentation,Write maintenance procedures,⏳ PENDING,MEDIUM,For admin team
Documentation,Document backup/restore,⏳ PENDING,HIGH,Procedures needed

Testing,Test all API endpoints,⏳ PENDING,HIGH,Systematic testing needed
Testing,Verify file uploads,⏳ PENDING,HIGH,Test with production limits
Testing,Check report generation,⏳ PENDING,HIGH,All report types
Testing,Validate mobile sync,⏳ PENDING,HIGH,Test offline scenarios

Performance,Optimize database queries,⏳ PENDING,MEDIUM,Review slow queries
Performance,Configure caching,❌ TODO,MEDIUM,If needed
Performance,Set up monitoring,❌ TODO,MEDIUM,Error tracking
Performance,Review API response times,❌ TODO,MEDIUM,Benchmark needed

Completion Status
✅ DONE,4,10%
⏳ PENDING,15,37.5%
❌ TODO,21,52.5%
TOTAL,40,100%